method_key,method,bits,relative_mse,cosine,sqnr_db
ffn_direct_absmax_w4a4,direct_absmax,W4A4,0.10112848638527794,0.9525530468672514,10.588064670562744
ffn_fp16,fp16,FP16,0.0,1.0000033173710108,96.77396512031555
ffn_rot_absmax_w4a4,rot_absmax,W4A4,0.05288532836129889,0.9747110959142447,13.10379672050476
ffn_rot_lm_w3a3,rot_lm,W3A3,0.134415760403499,0.9337545987218618,8.735287547111511
ffn_rot_lm_w3a4,rot_lm,W3A4,0.08443565829657018,0.9578297752887011,10.832274854183197
ffn_rot_lm_w4a3,rot_lm,W4A3,0.08789371931925416,0.9574440941214561,10.577873826026917
ffn_rot_lm_w4a4,rot_lm,W4A4,0.036655848496593535,0.9819327499717474,14.461957454681396
