method_key,method,bits,relative_mse,cosine,sqnr_db
direct_absmax_w4a4,direct_absmax,W4A4,0.0382406639949165,0.9815402789307492,15.676126165049416
rot_absmax_w4a4,rot_absmax,W4A4,0.018446650307331374,0.9909908742244754,18.778820727552688
rot_lm_w2a4,rot_lm,W2A4,0.09044956327748618,0.9555887090308326,11.323753974267415
rot_lm_w3a3,rot_lm,W3A3,0.047050697515909894,0.9768249126417297,14.417465874126979
rot_lm_w3a4,rot_lm,W3A4,0.030262868228289466,0.9849767091550997,16.423042548554285
rot_lm_w4a3,rot_lm,W4A3,0.029761980775219854,0.9853603070867913,16.50876953772136
rot_lm_w4a4,rot_lm,W4A4,0.01280857174879202,0.9936314680214439,20.27743210537093
